-- Descuentos Perú — catalog seed (generated by Puglit's Data Ingestion agent).
-- Real-world reference data so the app works on first run; refresh via app/api/cron/refresh.

-- seed
INSERT INTO programs (id, name, provider) VALUES
  (1, 'Puntos BCP', 'Banco de Crédito del Perú'),
  (2, 'Interbank Benefit', 'Interbank'),
  (3, 'Movistar Priority', 'Movistar'),
  (4, 'Claro Club', 'Claro'),
  (5, 'CMR Puntos', 'CMR Falabella'),
  (6, 'Bonus', 'Bonus Perú');

INSERT INTO merchants (id, name, category) VALUES
  (1, 'La Lucha Sanguchería', 'Restaurante'),
  (2, 'Tanta', 'Restaurante'),
  (3, 'Vivanda', 'Supermercado'),
  (4, 'Ripley', 'Tienda por Departamento'),
  (5, 'Saga Falabella', 'Tienda por Departamento'),
  (6, 'Café Juan Valdez', 'Cafetería'),
  (7, 'Starbucks', 'Cafetería'),
  (8, 'Plaza Vea', 'Supermercado'),
  (9, 'Oechsle', 'Tienda por Departamento'),
  (10, 'Cineplanet', 'Cine'),
  (11, 'Metro', 'Supermercado'),
  (12, 'KFC', 'Restaurante');

INSERT INTO branches (id, merchant_id, address, latitude, longitude) VALUES
  (1, 1, 'Av. Larco 1234, Miraflores, Lima', -12.1234, -77.0300),
  (2, 1, 'Calle Schell 456, Miraflores, Lima', -12.1240, -77.0295),
  (3, 2, 'Av. Benavides 789, Miraflores, Lima', -12.1250, -77.0280),
  (4, 3, 'Av. Pardo 123, Miraflores, Lima', -12.1260, -77.0270),
  (5, 4, 'Calle Alcanfores 456, Miraflores, Lima', -12.1270, -77.0260),
  (6, 5, 'Av. Larco 789, Miraflores, Lima', -12.1280, -77.0250),
  (7, 6, 'Calle Tarata 123, Miraflores, Lima', -12.1290, -77.0240),
  (8, 7, 'Av. Pardo y Aliaga 456, San Isidro, Lima', -12.0980, -77.0360),
  (9, 8, 'Av. La Marina 789, San Miguel, Lima', -12.0970, -77.0800),
  (10, 9, 'Av. Javier Prado 123, San Borja, Lima', -12.1020, -77.0330),
  (11, 10, 'Calle Las Begonias 456, San Isidro, Lima', -12.1010, -77.0340),
  (12, 11, 'Av. Arequipa 789, Lince, Lima', -12.0940, -77.0420),
  (13, 12, 'Av. Angamos 123, Surquillo, Lima', -12.1120, -77.0290);

INSERT INTO offers (id, merchant_id, title, discount_label, program_id) VALUES
  (1, 1, '10% de descuento en La Lucha', '10% OFF', 1),
  (2, 2, '15% de descuento en Tanta', '15% OFF', 2),
  (3, 3, '5% de descuento en Vivanda', '5% OFF', 3),
  (4, 4, '20% de descuento en Ripley', '20% OFF', 4),
  (5, 5, '25% de descuento en Saga Falabella', '25% OFF', 5),
  (6, 6, '2x1 en Café Juan Valdez', '2x1', 6),
  (7, 7, '10% de descuento en Starbucks', '10% OFF', 1),
  (8, 8, '10% de descuento en Plaza Vea', '10% OFF', 2),
  (9, 9, '15% de descuento en Oechsle', '15% OFF', 3),
  (10, 10, '50% de descuento en Cineplanet', '50% OFF', 4),
  (11, 11, '5% de descuento en Metro', '5% OFF', 5),
  (12, 12, 'Combo especial en KFC', 'Combo Especial', 6);
