-- Descuentos Perú — catalog seed (generated by Puglit's Data Ingestion agent).
-- Real-world reference data so the app works on first run; refresh via app/api/cron/refresh.

-- seed
INSERT INTO programs (id, name, provider) VALUES
(1, 'Puntos BCP', 'Banco de Crédito del Perú'),
(2, 'Interbank Benefit', 'Interbank'),
(3, 'Movistar Priority', 'Movistar'),
(4, 'Claro Club', 'Claro'),
(5, 'CMR Puntos', 'Banco Falabella'),
(6, 'Bonus', 'Bonus Perú');

INSERT INTO merchants (id, name, category) VALUES
(1, 'Tanta', 'Restaurant'),
(2, 'La Mar', 'Restaurant'),
(3, 'Vivanda', 'Supermarket'),
(4, 'Saga Falabella', 'Department Store'),
(5, 'Ripley', 'Department Store'),
(6, 'Plaza Vea', 'Supermarket'),
(7, 'Starbucks', 'Cafe'),
(8, 'Cineplanet', 'Entertainment'),
(9, 'Bembos', 'Fast Food'),
(10, 'Oechsle', 'Department Store');

INSERT INTO branches (id, merchant_id, address, latitude, longitude) VALUES
(1, 1, 'Av. Benavides 1234, Miraflores, Lima', -12.1234, -77.0300),
(2, 1, 'Calle San Martin 456, San Isidro, Lima', -12.0978, -77.0365),
(3, 2, 'Av. La Mar 770, Miraflores, Lima', -12.1111, -77.0288),
(4, 3, 'Av. Pardo y Aliaga 640, San Isidro, Lima', -12.0975, -77.0350),
(5, 4, 'Av. Javier Prado Este 4200, San Borja, Lima', -12.0890, -77.0000),
(6, 5, 'Av. Angamos Oeste 1234, Miraflores, Lima', -12.1100, -77.0305),
(7, 6, 'Av. Arequipa 1234, Lince, Lima', -12.0710, -77.0330),
(8, 7, 'Av. Larco 999, Miraflores, Lima', -12.1200, -77.0301),
(9, 8, 'Av. Caminos del Inca 123, Santiago de Surco, Lima', -12.1300, -77.0100),
(10, 9, 'Av. Primavera 1234, Santiago de Surco, Lima', -12.1250, -77.0200),
(11, 10, 'Av. El Polo 123, Santiago de Surco, Lima', -12.1205, -77.0150);

INSERT INTO offers (id, merchant_id, title, discount_label, program_id) VALUES
(1, 1, '20% en platos principales', '20% OFF', 1),
(2, 2, '15% en ceviches', '15% OFF', 2),
(3, 3, '10% en compras mayores a S/100', '10% OFF', 3),
(4, 4, '25% en ropa de temporada', '25% OFF', 4),
(5, 5, '30% en calzado', '30% OFF', 5),
(6, 6, '5% en productos seleccionados', '5% OFF', 6),
(7, 7, '2x1 en bebidas', '2x1', 1),
(8, 8, '50% en entradas los miércoles', '50% OFF', 2),
(9, 9, 'Combo especial a S/15', 'Combo Especial', 3),
(10, 10, '20% en electrodomésticos', '20% OFF', 4);
