-- Promiedos — catalog seed (generated by Puglit's Data Ingestion agent).
-- Real-world reference data so the app works on first run; refresh via app/api/cron/refresh.

-- seed
INSERT INTO tournaments (id, name, start_date, end_date, current_round) VALUES
(1, 'Liga Profesional de Fútbol', '2023-01-27', '2023-12-17', 10),
(2, 'Copa Argentina', '2023-03-01', '2023-11-30', 5),
(3, 'Primera Nacional', '2023-02-05', '2023-11-05', 15);

INSERT INTO matches (id, date_time, team_home, team_away, score_home, score_away, tournament_id) VALUES
(1, '2023-10-15 15:00:00-03', 'River Plate', 'Boca Juniors', 2, 1, 1),
(2, '2023-10-16 17:00:00-03', 'Racing Club', 'Independiente', 1, 1, 1),
(3, '2023-10-17 19:00:00-03', 'San Lorenzo', 'Huracán', 3, 2, 1),
(4, '2023-10-18 20:00:00-03', 'Rosario Central', 'Newell''s Old Boys', 0, 0, 1),
(5, '2023-10-19 21:00:00-03', 'Vélez Sarsfield', 'Talleres', 1, 3, 1),
(6, '2023-10-20 16:00:00-03', 'Gimnasia LP', 'Estudiantes', 2, 2, 1),
(7, '2023-10-21 18:00:00-03', 'Argentinos Juniors', 'Platense', 0, 1, 1),
(8, '2023-10-22 14:00:00-03', 'Lanús', 'Banfield', 1, 1, 1);

INSERT INTO standings (id, tournament_id, team_name, points, matches_played) VALUES
(1, 1, 'River Plate', 24, 10),
(2, 1, 'Boca Juniors', 20, 10),
(3, 1, 'Racing Club', 18, 10),
(4, 1, 'Independiente', 15, 10),
(5, 1, 'San Lorenzo', 22, 10),
(6, 1, 'Huracán', 12, 10),
(7, 1, 'Rosario Central', 14, 10),
(8, 1, 'Newell''s Old Boys', 16, 10),
(9, 1, 'Vélez Sarsfield', 10, 10),
(10, 1, 'Talleres', 25, 10),
(11, 1, 'Gimnasia LP', 11, 10),
(12, 1, 'Estudiantes', 19, 10),
(13, 1, 'Argentinos Juniors', 13, 10),
(14, 1, 'Platense', 9, 10),
(15, 1, 'Lanús', 17, 10),
(16, 1, 'Banfield', 8, 10);

INSERT INTO goal_scorers (id, match_id, player_name, goals) VALUES
(1, 1, 'Julián Álvarez', 2),
(2, 1, 'Carlos Tevez', 1),
(3, 2, 'Lautaro Martínez', 1),
(4, 2, 'Sergio Agüero', 1),
(5, 3, 'Ángel Romero', 2),
(6, 3, 'Franco Di Santo', 1),
(7, 3, 'Norberto Briasco', 2),
(8, 5, 'Nahuel Bustos', 2),
(9, 5, 'Lucas Pratto', 1),
(10, 6, 'Luis Rodríguez', 2),
(11, 7, 'Matías Suárez', 1);
