-- Descuentos Perú — catalog seed (generated by Puglit's Data Ingestion agent).
-- Real-world reference data so the app works on first run; refresh via app/api/cron/refresh.

-- seed
INSERT INTO programs (id, name, provider) VALUES
(1, 'Puntos BCP', 'Banco de Crédito del Perú'),
(2, 'Interbank Benefit', 'Interbank'),
(3, 'Movistar Priority', 'Movistar'),
(4, 'Claro Club', 'Claro'),
(5, 'CMR Puntos', 'Banco Falabella'),
(6, 'Bonus', 'Bonus Perú');

INSERT INTO merchants (id, name, category) VALUES
(1, 'La Lucha Sanguchería', 'Restaurante'),
(2, 'Tanta', 'Restaurante'),
(3, 'Ripley', 'Tienda por Departamento'),
(4, 'Saga Falabella', 'Tienda por Departamento'),
(5, 'Plaza Vea', 'Supermercado'),
(6, 'Vivanda', 'Supermercado'),
(7, 'Starbucks', 'Cafetería'),
(8, 'Cineplanet', 'Cine'),
(9, 'Oechsle', 'Tienda por Departamento'),
(10, 'Bembos', 'Restaurante');

INSERT INTO branches (id, merchant_id, address, latitude, longitude) VALUES
(1, 1, 'Av. Larco 999, Miraflores', -12.1234, -77.0300),
(2, 1, 'Av. Pardo y Aliaga 640, San Isidro', -12.1010, -77.0365),
(3, 2, 'Calle San Martín 200, Miraflores', -12.1212, -77.0288),
(4, 3, 'Jr. de la Unión 1000, Cercado de Lima', -12.0453, -77.0308),
(5, 4, 'Av. Javier Prado Este 4200, San Borja', -12.0890, -77.0015),
(6, 5, 'Av. La Marina 2000, San Miguel', -12.0765, -77.0832),
(7, 6, 'Av. Benavides 500, Miraflores', -12.1250, -77.0305),
(8, 7, 'Av. Larco 450, Miraflores', -12.1200, -77.0280),
(9, 8, 'Av. Angamos Este 1800, Surquillo', -12.1130, -77.0200),
(10, 9, 'Av. Primavera 1500, Surco', -12.1100, -77.0300),
(11, 10, 'Av. Caminos del Inca 1234, Surco', -12.1065, -77.0210);

INSERT INTO offers (id, merchant_id, title, discount_label, program_id) VALUES
(1, 1, 'Descuento en La Lucha', '15% de descuento', 1),
(2, 2, 'Descuento en Tanta', '20% de descuento', 2),
(3, 3, 'Descuento en Ripley', '10% de descuento', 3),
(4, 4, 'Descuento en Saga Falabella', '10% de descuento', 4),
(5, 5, 'Descuento en Plaza Vea', '5% de descuento', 5),
(6, 6, 'Descuento en Vivanda', '5% de descuento', 6),
(7, 7, 'Descuento en Starbucks', '10% de descuento', 1),
(8, 8, 'Descuento en Cineplanet', '2x1 en entradas', 2),
(9, 9, 'Descuento en Oechsle', '10% de descuento', 3),
(10, 10, 'Descuento en Bembos', 'Combo especial', 4);

