-- Promiedos — catalog seed (generated by Puglit's Data Ingestion agent).
-- Real-world reference data so the app works on first run; refresh via app/api/cron/refresh.

-- seed
INSERT INTO tournaments (id, name, season, start_date, end_date) VALUES
(1, 'Liga Profesional', '2023', CURRENT_DATE - INTERVAL '3 months', CURRENT_DATE + INTERVAL '3 months'),
(2, 'Copa Argentina', '2023', CURRENT_DATE - INTERVAL '1 month', CURRENT_DATE + INTERVAL '2 months'),
(3, 'Primera Nacional', '2023', CURRENT_DATE - INTERVAL '4 months', CURRENT_DATE + INTERVAL '2 months');

INSERT INTO matches (id, date, team_home, team_away, score_home, score_away, tournament_id) VALUES
(1, NOW() - INTERVAL '1 day', 'River Plate', 'Boca Juniors', 2, 1, 1),
(2, NOW(), 'Independiente', 'Racing Club', 1, 1, 1),
(3, NOW() + INTERVAL '2 hours', 'San Lorenzo', 'Vélez Sarsfield', 0, 0, 1),
(4, NOW() - INTERVAL '2 days', 'Talleres', 'Rosario Central', 3, 2, 2),
(5, NOW() + INTERVAL '1 day', 'Newell''s Old Boys', 'Estudiantes', 0, 0, 2),
(6, NOW(), 'Belgrano', 'Ferro', 2, 2, 3),
(7, NOW() + INTERVAL '3 hours', 'Quilmes', 'Chacarita Juniors', 1, 0, 3);

INSERT INTO standings (id, tournament_id, team_name, points, matches_played) VALUES
(1, 1, 'River Plate', 45, 20),
(2, 1, 'Boca Juniors', 43, 20),
(3, 1, 'Independiente', 40, 20),
(4, 1, 'Racing Club', 39, 20),
(5, 2, 'Talleres', 30, 15),
(6, 2, 'Rosario Central', 28, 15),
(7, 3, 'Belgrano', 35, 18),
(8, 3, 'Ferro', 33, 18);

INSERT INTO goal_scorers (id, player_name, team_name, goals, tournament_id) VALUES
(1, 'Julián Álvarez', 'River Plate', 12, 1),
(2, 'Carlos Tevez', 'Boca Juniors', 10, 1),
(3, 'Lisandro López', 'Racing Club', 9, 1),
(4, 'Lautaro Martínez', 'Independiente', 8, 1),
(5, 'Nahuel Bustos', 'Talleres', 7, 2),
(6, 'Marco Ruben', 'Rosario Central', 6, 2),
(7, 'Pablo Vegetti', 'Belgrano', 11, 3),
(8, 'Cristian Chávez', 'Ferro', 9, 3);

