-- Promiedos — catalog seed (generated by Puglit's Data Ingestion agent).
-- Real-world reference data so the app works on first run; refresh via app/api/cron/refresh.

-- seed
INSERT INTO tournaments (id, name, start_date, end_date, type, created_at) VALUES
  (1, 'Liga Profesional 2023', CURRENT_DATE - INTERVAL '3 months', CURRENT_DATE + INTERVAL '3 months', 'league', NOW()),
  (2, 'Copa Argentina 2023', CURRENT_DATE - INTERVAL '1 month', CURRENT_DATE + INTERVAL '2 months', 'cup', NOW()),
  (3, 'Torneo de Verano 2023', CURRENT_DATE - INTERVAL '6 months', CURRENT_DATE - INTERVAL '5 months', 'friendly', NOW());

INSERT INTO matches (id, match_date, home_team, away_team, score, tournament_id, created_at) VALUES
  (1, NOW() - INTERVAL '1 day', 'Boca Juniors', 'River Plate', '1-1', 1, NOW()),
  (2, NOW(), 'Independiente', 'Racing Club', NULL, 1, NOW()),
  (3, NOW() + INTERVAL '2 hours', 'San Lorenzo', 'Vélez Sarsfield', NULL, 1, NOW()),
  (4, CURRENT_DATE - INTERVAL '2 days', 'Talleres', 'Belgrano', '2-0', 2, NOW()),
  (5, CURRENT_DATE + INTERVAL '1 day', 'Rosario Central', 'Newell''s Old Boys', NULL, 2, NOW()),
  (6, CURRENT_DATE - INTERVAL '1 month', 'Godoy Cruz', 'Estudiantes', '0-1', 3, NOW());

INSERT INTO standings (id, tournament_id, team_name, points, matches_played, created_at) VALUES
  (1, 1, 'Boca Juniors', 25, 12, NOW()),
  (2, 1, 'River Plate', 27, 12, NOW()),
  (3, 1, 'Independiente', 18, 12, NOW()),
  (4, 1, 'Racing Club', 22, 12, NOW()),
  (5, 1, 'San Lorenzo', 20, 12, NOW()),
  (6, 1, 'Vélez Sarsfield', 15, 12, NOW()),
  (7, 2, 'Talleres', 10, 5, NOW()),
  (8, 2, 'Belgrano', 8, 5, NOW()),
  (9, 2, 'Rosario Central', 12, 5, NOW()),
  (10, 2, 'Newell''s Old Boys', 14, 5, NOW());

INSERT INTO goal_scorers (id, player_name, team_name, goals, tournament_id, created_at) VALUES
  (1, 'Carlos Tevez', 'Boca Juniors', 7, 1, NOW()),
  (2, 'Enzo Perez', 'River Plate', 5, 1, NOW()),
  (3, 'Lautaro Martinez', 'Racing Club', 6, 1, NOW()),
  (4, 'Lisandro Lopez', 'Independiente', 4, 1, NOW()),
  (5, 'Franco Soldano', 'San Lorenzo', 3, 1, NOW()),
  (6, 'Matias Suarez', 'Vélez Sarsfield', 2, 1, NOW()),
  (7, 'Nahuel Bustos', 'Talleres', 3, 2, NOW()),
  (8, 'Lucas Janson', 'Belgrano', 2, 2, NOW()),
  (9, 'Marco Ruben', 'Rosario Central', 4, 2, NOW()),
  (10, 'Maxi Rodriguez', 'Newell''s Old Boys', 5, 2, NOW());
