-- Descuentos Perú — catalog seed (generated by Puglit's Data Ingestion agent).
-- Real-world reference data so the app works on first run; refresh via app/api/cron/refresh.

-- seed
INSERT INTO loyalty_programs (id, name, provider, is_active) VALUES
(1, 'Puntos BCP', 'Banco de Crédito del Perú', TRUE),
(2, 'Interbank Benefit', 'Interbank', TRUE),
(3, 'Movistar Club', 'Movistar', TRUE),
(4, 'Claro Club', 'Claro', TRUE),
(5, 'CMR Puntos', 'Banco Falabella', TRUE),
(6, 'Bonus', 'Bonus Perú', TRUE);

INSERT INTO merchants (id, name, category) VALUES
(1, 'Tanta', 'Restaurante'),
(2, 'La Mar', 'Restaurante'),
(3, 'Ripley', 'Tienda por Departamento'),
(4, 'Saga Falabella', 'Tienda por Departamento'),
(5, 'Cineplanet', 'Entretenimiento'),
(6, 'Plaza Vea', 'Supermercado'),
(7, 'Vivanda', 'Supermercado'),
(8, 'Oechsle', 'Tienda por Departamento'),
(9, 'Bembos', 'Restaurante'),
(10, 'Starbucks', 'Cafetería');

INSERT INTO branches (id, merchant_id, address, latitude, longitude) VALUES
(1, 1, 'Av. Camino Real 123, San Isidro', -12.0977, -77.0365),
(2, 1, 'Calle San Martín 200, Miraflores', -12.1228, -77.0295),
(3, 2, 'Av. La Mar 770, Miraflores', -12.1219, -77.0373),
(4, 3, 'Av. Pardo y Aliaga 640, San Isidro', -12.0965, -77.0360),
(5, 4, 'Av. Javier Prado Este 4200, San Borja', -12.0851, -77.0009),
(6, 5, 'Av. Alfredo Benavides 1234, Miraflores', -12.1280, -77.0283),
(7, 6, 'Av. Angamos Este 1800, Surquillo', -12.1111, -77.0182),
(8, 7, 'Av. Pardo y Aliaga 640, San Isidro', -12.0967, -77.0362),
(9, 8, 'Av. La Molina 1100, La Molina', -12.0868, -76.9490),
(10, 9, 'Av. Larco 812, Miraflores', -12.1225, -77.0288),
(11, 10, 'Av. Primavera 123, Santiago de Surco', -12.1050, -76.9650);

INSERT INTO offers (id, merchant_id, title, discount_label, program_id) VALUES
(1, 1, '20% de descuento en platos seleccionados', '20% OFF', 1),
(2, 2, '15% de descuento en almuerzos', '15% OFF', 2),
(3, 3, '10% de descuento en compras mayores a S/200', '10% OFF', 3),
(4, 4, '5% de descuento en toda la tienda', '5% OFF', 4),
(5, 5, '2x1 en entradas de cine', '2x1', 5),
(6, 6, '10% de descuento en productos seleccionados', '10% OFF', 6),
(7, 7, '15% de descuento en la primera compra', '15% OFF', 1),
(8, 8, '20% de descuento en ropa', '20% OFF', 2),
(9, 9, 'Combo especial al 50% de descuento', '50% OFF', 3),
(10, 10, 'Bebida gratis por cada compra', 'Gratis', 4);
