-- Statura — catalog seed (generated by Puglit's Data Ingestion agent).
-- Real-world reference data so the app works on first run; refresh via app/api/cron/refresh.

-- seed
INSERT INTO status_pages (id, title, slug, logo_text, custom_domain, is_public, sms_enabled, slack_enabled, webhook_enabled, timezone, created_at, updated_at) VALUES
  (1, 'Acme Cloud Status', 'acme-cloud', 'ACME', 'status.acmecloud.com', TRUE, TRUE, TRUE, TRUE, 'UTC', NOW() - INTERVAL '180 days', NOW()),
  (2, 'Mercury API Status', 'mercury-api', 'MERCURY', 'status.mercuryapi.dev', TRUE, FALSE, TRUE, TRUE, 'America/New_York', NOW() - INTERVAL '120 days', NOW());

INSERT INTO component_groups (id, status_page_id, name, description, position, collapsed_by_default, created_at) VALUES
  (1, 1, 'Core Platform', 'Primary customer-facing services and APIs.', 1, FALSE, NOW() - INTERVAL '180 days'),
  (2, 1, 'Developer Services', 'Authentication, dashboards, and developer tooling.', 2, FALSE, NOW() - INTERVAL '180 days'),
  (3, 1, 'Data & Messaging', 'Background processing, notifications, and storage.', 3, TRUE, NOW() - INTERVAL '180 days'),
  (4, 2, 'API Surface', 'Public API endpoints and edge services.', 1, FALSE, NOW() - INTERVAL '120 days'),
  (5, 2, 'Console & Integrations', 'Admin console and outbound integrations.', 2, FALSE, NOW() - INTERVAL '120 days');

INSERT INTO components (id, status_page_id, group_id, name, description, current_status, position, is_visible, created_at, updated_at) VALUES
  (1, 1, 1, 'Public API', 'REST API for customer applications.', 'operational', 1, TRUE, NOW() - INTERVAL '180 days', NOW()),
  (2, 1, 1, 'Web Application', 'Customer dashboard and account management UI.', 'operational', 2, TRUE, NOW() - INTERVAL '180 days', NOW()),
  (3, 1, 1, 'Checkout Services', 'Payment and order finalization services.', 'degraded_performance', 3, TRUE, NOW() - INTERVAL '180 days', NOW()),
  (4, 1, 2, 'Authentication', 'Login, token issuance, and SSO callbacks.', 'operational', 4, TRUE, NOW() - INTERVAL '180 days', NOW()),
  (5, 1, 2, 'Admin Dashboard', 'Internal and customer reporting dashboards.', 'operational', 5, TRUE, NOW() - INTERVAL '180 days', NOW()),
  (6, 1, 3, 'Email Delivery', 'Transactional email delivery pipeline.', 'partial_outage', 6, TRUE, NOW() - INTERVAL '180 days', NOW()),
  (7, 1, 3, 'Background Jobs', 'Async workers for exports and reconciliations.', 'operational', 7, TRUE, NOW() - INTERVAL '180 days', NOW()),
  (8, 2, 4, 'Gateway API', 'Primary API gateway for partner requests.', 'operational', 1, TRUE, NOW() - INTERVAL '120 days', NOW()),
  (9, 2, 4, 'Webhook Ingestion', 'Inbound webhook receiver and validator.', 'major_outage', 2, TRUE, NOW() - INTERVAL '120 days', NOW()),
  (10, 2, 4, 'OAuth Service', 'Authorization and token exchange endpoints.', 'operational', 3, TRUE, NOW() - INTERVAL '120 days', NOW()),
  (11, 2, 5, 'Developer Console', 'Docs, API keys, and usage analytics.', 'under_maintenance', 4, TRUE, NOW() - INTERVAL '120 days', NOW()),
  (12, 2, 5, 'Outbound Webhooks', 'Delivery pipeline for customer webhooks.', 'degraded_performance', 5, TRUE, NOW() - INTERVAL '120 days', NOW());

INSERT INTO endpoints (id, status_page_id, component_id, name, url, method, current_status, expected_status_min, expected_status_max, degraded_threshold_ms, timeout_ms, is_public, last_checked_at, created_at, updated_at) VALUES
  (1, 1, 1, 'Public API - Health', 'https://api.acmecloud.com/health', 'GET', 'operational', 200, 399, 1200, 5000, TRUE, NOW() - INTERVAL '40 seconds', NOW() - INTERVAL '180 days', NOW()),
  (2, 1, 1, 'Public API - v1 Root', 'https://api.acmecloud.com/v1', 'HEAD', 'operational', 200, 399, 1200, 5000, TRUE, NOW() - INTERVAL '55 seconds', NOW() - INTERVAL '180 days', NOW()),
  (3, 1, 2, 'Web App - Homepage', 'https://app.acmecloud.com/', 'GET', 'operational', 200, 399, 1500, 7000, TRUE, NOW() - INTERVAL '35 seconds', NOW() - INTERVAL '180 days', NOW()),
  (4, 1, 2, 'Web App - Login', 'https://app.acmecloud.com/login', 'GET', 'operational', 200, 399, 1500, 7000, TRUE, NOW() - INTERVAL '47 seconds', NOW() - INTERVAL '180 days', NOW()),
  (5, 1, 3, 'Checkout API', 'https://checkout.acmecloud.com/health', 'GET', 'degraded', 200, 399, 900, 5000, TRUE, NOW() - INTERVAL '20 seconds', NOW() - INTERVAL '180 days', NOW()),
  (6, 1, 4, 'Auth Token Endpoint', 'https://auth.acmecloud.com/oauth/token', 'HEAD', 'operational', 200, 399, 1000, 5000, TRUE, NOW() - INTERVAL '58 seconds', NOW() - INTERVAL '180 days', NOW()),
  (7, 1, 5, 'Dashboard Reports', 'https://dashboard.acmecloud.com/reports', 'GET', 'operational', 200, 399, 1800, 8000, TRUE, NOW() - INTERVAL '50 seconds', NOW() - INTERVAL '180 days', NOW()),
  (8, 1, 6, 'Email Provider API', 'https://mail.acmecloud.com/health', 'GET', 'down', 200, 399, 1200, 5000, TRUE, NOW() - INTERVAL '15 seconds', NOW() - INTERVAL '180 days', NOW()),
  (9, 1, 7, 'Worker Queue API', 'https://workers.acmecloud.com/health', 'GET', 'operational', 200, 399, 1200, 5000, TRUE, NOW() - INTERVAL '45 seconds', NOW() - INTERVAL '180 days', NOW()),
  (10, 2, 8, 'Gateway Health', 'https://api.mercuryapi.dev/health', 'GET', 'operational', 200, 399, 1000, 5000, TRUE, NOW() - INTERVAL '42 seconds', NOW() - INTERVAL '120 days', NOW()),
  (11, 2, 8, 'Gateway Status Root', 'https://api.mercuryapi.dev/', 'HEAD', 'operational', 200, 399, 1000, 5000, TRUE, NOW() - INTERVAL '38 seconds', NOW() - INTERVAL '120 days', NOW()),
  (12, 2, 9, 'Webhook Receiver', 'https://hooks.mercuryapi.dev/inbound', 'POST', 'down', 200, 399, 1200, 5000, TRUE, NOW() - INTERVAL '12 seconds', NOW() - INTERVAL '120 days', NOW()),
  (13, 2, 10, 'OAuth Authorize', 'https://auth.mercuryapi.dev/oauth/authorize', 'GET', 'operational', 200, 399, 1000, 5000, TRUE, NOW() - INTERVAL '44 seconds', NOW() - INTERVAL '120 days', NOW()),
  (14, 2, 11, 'Developer Console', 'https://console.mercuryapi.dev/', 'GET', 'degraded', 200, 399, 1500, 7000, TRUE, NOW() - INTERVAL '30 seconds', NOW() - INTERVAL '120 days', NOW()),
  (15, 2, 12, 'Outbound Delivery API', 'https://deliveries.mercuryapi.dev/health', 'GET', 'degraded', 200, 399, 1100, 5000, TRUE, NOW() - INTERVAL '25 seconds', NOW() - INTERVAL '120 days', NOW());

INSERT INTO uptime_checks (id, endpoint_id, checked_at, is_up, response_time_ms, status_code, error_message) VALUES
  (1, 1, NOW() - INTERVAL '5 hours', TRUE, 182, 200, NULL),
  (2, 1, NOW() - INTERVAL '2 hours', TRUE, 205, 200, NULL),
  (3, 1, NOW() - INTERVAL '10 minutes', TRUE, 191, 200, NULL),
  (4, 1, NOW() - INTERVAL '40 seconds', TRUE, 188, 200, NULL),
  (5, 2, NOW() - INTERVAL '4 hours', TRUE, 96, 301, NULL),
  (6, 2, NOW() - INTERVAL '90 minutes', TRUE, 101, 301, NULL),
  (7, 2, NOW() - INTERVAL '12 minutes', TRUE, 98, 301, NULL),
  (8, 2, NOW() - INTERVAL '55 seconds', TRUE, 94, 301, NULL),
  (9, 3, NOW() - INTERVAL '3 hours', TRUE, 420, 200, NULL),
  (10, 3, NOW() - INTERVAL '1 hour', TRUE, 510, 200, NULL),
  (11, 3, NOW() - INTERVAL '8 minutes', TRUE, 448, 200, NULL),
  (12, 3, NOW() - INTERVAL '35 seconds', TRUE, 462, 200, NULL),
  (13, 4, NOW() - INTERVAL '3 hours', TRUE, 355, 200, NULL),
  (14, 4, NOW() - INTERVAL '70 minutes', TRUE, 372, 200, NULL),
  (15, 4, NOW() - INTERVAL '7 minutes', TRUE, 381, 200, NULL),
  (16, 4, NOW() - INTERVAL '47 seconds', TRUE, 360, 200, NULL),
  (17, 5, NOW() - INTERVAL '2 hours', TRUE, 1180, 200, NULL),
  (18, 5, NOW() - INTERVAL '35 minutes', TRUE, 1425, 200, NULL),
  (19, 5, NOW() - INTERVAL '5 minutes', TRUE, 1698, 200, NULL),
  (20, 5, NOW() - INTERVAL '20 seconds', TRUE, 1744, 200, NULL),
  (21, 6, NOW() - INTERVAL '2 hours', TRUE, 240, 200, NULL),
  (22, 6, NOW() - INTERVAL '30 minutes', TRUE, 228, 200, NULL),
  (23, 6, NOW() - INTERVAL '9 minutes', TRUE, 236, 200, NULL),
  (24, 6, NOW() - INTERVAL '58 seconds', TRUE, 231, 200, NULL),
  (25, 7, NOW() - INTERVAL '4 hours', TRUE, 860, 200, NULL),
  (26, 7, NOW() - INTERVAL '80 minutes', TRUE, 915, 200, NULL),
  (27, 7, NOW() - INTERVAL '6 minutes', TRUE, 802, 200, NULL),
  (28, 7, NOW() - INTERVAL '50 seconds', TRUE, 845, 200, NULL),
  (29, 8, NOW() - INTERVAL '50 minutes', TRUE, 620, 200, NULL),
  (30, 8, NOW() - INTERVAL '12 minutes', FALSE, 0, NULL, 'Connection timeout after 5000ms'),
  (31, 8, NOW() - INTERVAL '3 minutes', FALSE, 0, NULL, 'Connection timeout after 5000ms'),
  (32, 8, NOW() - INTERVAL '15 seconds', FALSE, 0, NULL, 'Connection timeout after 5000ms'),
  (33, 9, NOW() - INTERVAL '2 hours', TRUE, 310, 200, NULL),
  (34, 9, NOW() - INTERVAL '25 minutes', TRUE, 288, 200, NULL),
  (35, 9, NOW() - INTERVAL '4 minutes', TRUE, 295, 200, NULL),
  (36, 9, NOW() - INTERVAL '45 seconds', TRUE, 301, 200, NULL),
  (37, 10, NOW() - INTERVAL '3 hours', TRUE, 175, 200, NULL),
  (38, 10, NOW() - INTERVAL '50 minutes', TRUE, 182, 200, NULL),
  (39, 10, NOW() - INTERVAL '9 minutes', TRUE, 169, 200, NULL),
  (40, 10, NOW() - INTERVAL '42 seconds', TRUE, 171, 200, NULL),
  (41, 11, NOW() - INTERVAL '3 hours', TRUE, 88, 200, NULL),
  (42, 11, NOW() - INTERVAL '35 minutes', TRUE, 92, 200, NULL),
  (43, 11, NOW() - INTERVAL '5 minutes', TRUE, 84, 200, NULL),
  (44, 11, NOW() - INTERVAL '38 seconds', TRUE, 86, 200, NULL),
  (45, 12, NOW() - INTERVAL '25 minutes', FALSE, 0, 503, 'HTTP 503 Service Unavailable'),
  (46, 12, NOW() - INTERVAL '10 minutes', FALSE, 0, 503, 'HTTP 503 Service Unavailable'),
  (47, 12, NOW() - INTERVAL '2 minutes', FALSE, 0, 503, 'HTTP 503 Service Unavailable'),
  (48, 12, NOW() - INTERVAL '12 seconds', FALSE, 0, 503, 'HTTP 503 Service Unavailable'),
  (49, 13, NOW() - INTERVAL '2 hours', TRUE, 202, 302, NULL),
  (50, 13, NOW() - INTERVAL '30 minutes', TRUE, 210, 302, NULL),
  (51, 13, NOW() - INTERVAL '7 minutes', TRUE, 198, 302, NULL),
  (52, 13, NOW() - INTERVAL '44 seconds', TRUE, 205, 302, NULL),
  (53, 14, NOW() - INTERVAL '2 hours', TRUE, 980, 200, NULL),
  (54, 14, NOW() - INTERVAL '25 minutes', TRUE, 1410, 200, NULL),
  (55, 14, NOW() - INTERVAL '4 minutes', TRUE, 1895, 200, NULL),
  (56, 14, NOW() - INTERVAL '30 seconds', TRUE, 2010, 200, NULL),
  (57, 15, NOW() - INTERVAL '2 hours', TRUE, 930, 200, NULL),
  (58, 15, NOW() - INTERVAL '18 minutes', TRUE, 1245, 200, NULL),
  (59, 15, NOW() - INTERVAL '3 minutes', TRUE, 1388, 200, NULL),
  (60, 15, NOW() - INTERVAL '25 seconds', TRUE, 1462, 200, NULL);

INSERT INTO uptime_days (id, component_id, day, uptime_percentage, status, checks_count, down_minutes, created_at, updated_at) VALUES
  (1, 1, CURRENT_DATE - INTERVAL '6 days', 100.000, 'operational', 1440, 0, NOW(), NOW()),
  (2, 1, CURRENT_DATE - INTERVAL '5 days', 99.931, 'operational', 1440, 1, NOW(), NOW()),
  (3, 1, CURRENT_DATE - INTERVAL '4 days', 100.000, 'operational', 1440, 0, NOW(), NOW()),
  (4, 1, CURRENT_DATE - INTERVAL '3 days', 99.861, 'degraded_performance', 1440, 2, NOW(), NOW()),
  (5, 1, CURRENT_DATE - INTERVAL '2 days', 100.000, 'operational', 1440, 0, NOW(), NOW()),
  (6, 1, CURRENT_DATE - INTERVAL '1 day', 100.000, 'operational', 1440, 0, NOW(), NOW()),
  (7, 1, CURRENT_DATE, 100.000, 'operational', 720, 0, NOW(), NOW()),
  (8, 3, CURRENT_DATE - INTERVAL '6 days', 99.792, 'degraded_performance', 1440, 3, NOW(), NOW()),
  (9, 3, CURRENT_DATE - INTERVAL '5 days', 99.653, 'degraded_performance', 1440, 5, NOW(), NOW()),
  (10, 3, CURRENT_DATE - INTERVAL '4 days', 99.931, 'operational', 1440, 1, NOW(), NOW()),
  (11, 3, CURRENT_DATE - INTERVAL '3 days', 99.514, 'partial_outage', 1440, 7, NOW(), NOW()),
  (12, 3, CURRENT_DATE - INTERVAL '2 days', 99.861, 'degraded_performance', 1440, 2, NOW(), NOW()),
  (13, 3, CURRENT_DATE - INTERVAL '1 day', 99.792, 'degraded_performance', 1440, 3, NOW(), NOW()),
  (14, 3, CURRENT_DATE, 99.306, 'degraded_performance', 720, 5, NOW(), NOW()),
  (15, 6, CURRENT_DATE - INTERVAL '6 days', 100.000, 'operational', 1440, 0, NOW(), NOW()),
  (16, 6, CURRENT_DATE - INTERVAL '5 days', 99.931, 'operational', 1440, 1, NOW(), NOW()),
  (17, 6, CURRENT_DATE - INTERVAL '4 days', 98.889, 'partial_outage', 1440, 16, NOW(), NOW()),
  (18, 6, CURRENT_DATE - INTERVAL '3 days', 99.583, 'degraded_performance', 1440, 6, NOW(), NOW()),
  (19, 6, CURRENT_DATE - INTERVAL '2 days', 100.000, 'operational', 1440, 0, NOW(), NOW()),
  (20, 6, CURRENT_DATE - INTERVAL '1 day', 99.931, 'operational', 1440, 1, NOW(), NOW()),
  (21, 6, CURRENT_DATE, 96.667, 'partial_outage', 720, 24, NOW(), NOW()),
  (22, 8, CURRENT_DATE - INTERVAL '6 days', 100.000, 'operational', 1440, 0, NOW(), NOW()),
  (23, 8, CURRENT_DATE - INTERVAL '5 days', 100.000, 'operational', 1440, 0, NOW(), NOW()),
  (24, 8, CURRENT_DATE - INTERVAL '4 days', 99.931, 'operational', 1440, 1, NOW(), NOW()),
  (25, 8, CURRENT_DATE - INTERVAL '3 days', 100.000, 'operational', 1440, 0, NOW(), NOW()),
  (26, 8, CURRENT_DATE - INTERVAL '2 days', 100.000, 'operational', 1440, 0, NOW(), NOW()),
  (27, 8, CURRENT_DATE - INTERVAL '1 day', 100.000, 'operational', 1440, 0, NOW(), NOW()),
  (28, 8, CURRENT_DATE, 100.000, 'operational', 720, 0, NOW(), NOW()),
  (29, 9, CURRENT_DATE - INTERVAL '6 days', 99.861, 'degraded_performance', 1440, 2, NOW(), NOW()),
  (30, 9, CURRENT_DATE - INTERVAL '5 days', 100.000, 'operational', 1440, 0, NOW(), NOW()),
  (31, 9, CURRENT_DATE - INTERVAL '4 days', 99.722, 'degraded_performance', 1440, 4, NOW(), NOW()),
  (32, 9, CURRENT_DATE - INTERVAL '3 days', 98.611, 'major_outage', 1440, 20, NOW(), NOW()),
  (33, 9, CURRENT_DATE - INTERVAL '2 days', 100.000, 'operational', 1440, 0, NOW(), NOW()),
  (34, 9, CURRENT_DATE - INTERVAL '1 day', 99.931, 'operational', 1440, 1, NOW(), NOW()),
  (35, 9, CURRENT_DATE, 94.444, 'major_outage', 720, 40, NOW(), NOW()),
  (36, 11, CURRENT_DATE - INTERVAL '6 days', 100.000, 'operational', 1440, 0, NOW(), NOW()),
  (37, 11, CURRENT_DATE - INTERVAL '5 days', 100.000, 'operational', 1440, 0, NOW(), NOW()),
  (38, 11, CURRENT_DATE - INTERVAL '4 days', 99.931, 'operational', 1440, 1, NOW(), NOW()),
  (39, 11, CURRENT_DATE - INTERVAL '3 days', 100.000, 'operational', 1440, 0, NOW(), NOW()),
  (40, 11, CURRENT_DATE - INTERVAL '2 days', 100.000, 'operational', 1440, 0, NOW(), NOW()),
  (41, 11, CURRENT_DATE - INTERVAL '1 day', 100.000, 'operational', 1440, 0, NOW(), NOW()),
  (42, 11, CURRENT_DATE, 100.000, 'under_maintenance', 720, 0, NOW(), NOW());

INSERT INTO incidents (id, status_page_id, title, description, status, impact, started_at, resolved_at, created_at, updated_at) VALUES
  (1, 1, 'Elevated latency on Checkout Services', 'We are observing increased response times affecting checkout requests in multiple regions.', 'monitoring', 'major', NOW() - INTERVAL '2 hours 15 minutes', NULL, NOW() - INTERVAL '2 hours 15 minutes', NOW() - INTERVAL '8 minutes'),
  (2, 1, 'Email delivery delays', 'Transactional emails are failing or delayed while our provider experiences connectivity issues.', 'identified', 'major', NOW() - INTERVAL '48 minutes', NULL, NOW() - INTERVAL '48 minutes', NOW() - INTERVAL '6 minutes'),
  (3, 1, 'Intermittent API errors earlier today', 'A subset of API requests returned 5xx responses due to a short-lived deployment issue.', 'resolved', 'minor', NOW() - INTERVAL '9 hours', NOW() - INTERVAL '7 hours 45 minutes', NOW() - INTERVAL '9 hours', NOW() - INTERVAL '7 hours 45 minutes'),
  (4, 2, 'Inbound webhook outage', 'Inbound webhook processing is currently unavailable. Requests may receive 503 responses or time out.', 'investigating', 'critical', NOW() - INTERVAL '36 minutes', NULL, NOW() - INTERVAL '36 minutes', NOW() - INTERVAL '3 minutes'),
  (5, 2, 'Developer Console maintenance', 'Scheduled maintenance is affecting access to the Developer Console while database upgrades are performed.', 'identified', 'maintenance', NOW() - INTERVAL '20 minutes', NULL, NOW() - INTERVAL '20 minutes', NOW() - INTERVAL '5 minutes'),
  (6, 2, 'Outbound webhook delivery lag', 'Outbound deliveries are processing slower than normal due to queue backlog.', 'monitoring', 'minor', NOW() - INTERVAL '3 hours 10 minutes', NULL, NOW() - INTERVAL '3 hours 10 minutes', NOW() - INTERVAL '9 minutes');

INSERT INTO incident_components (incident_id, component_id) VALUES
  (1, 3),
  (2, 6),
  (3, 1),
  (4, 9),
  (5, 11),
  (6, 12);

INSERT INTO incident_updates (id, incident_id, status, body, published_at, created_at) VALUES
  (1, 1, 'investigating', 'We are investigating elevated response times on Checkout Services.', NOW() - INTERVAL '2 hours 15 minutes', NOW() - INTERVAL '2 hours 15 minutes'),
  (2, 1, 'identified', 'We identified increased database contention in the checkout path and applied mitigations.', NOW() - INTERVAL '55 minutes', NOW() - INTERVAL '55 minutes'),
  (3, 1, 'monitoring', 'Latency has improved and we are monitoring recovery.', NOW() - INTERVAL '8 minutes', NOW() - INTERVAL '8 minutes'),
  (4, 2, 'investigating', 'We are investigating delays with transactional email delivery.', NOW() - INTERVAL '48 minutes', NOW() - INTERVAL '48 minutes'),
  (5, 2, 'identified', 'Our email provider is experiencing upstream connection failures. Messages are queued for retry.', NOW() - INTERVAL '6 minutes', NOW() - INTERVAL '6 minutes'),
  (6, 3, 'investigating', 'We are investigating intermittent 5xx responses on the Public API.', NOW() - INTERVAL '9 hours', NOW() - INTERVAL '9 hours'),
  (7, 3, 'identified', 'A deployment introduced an invalid cache configuration and has been rolled back.', NOW() - INTERVAL '8 hours 20 minutes', NOW() - INTERVAL '8 hours 20 minutes'),
  (8, 3, 'resolved', 'The rollback completed successfully and API error rates returned to baseline.', NOW() - INTERVAL '7 hours 45 minutes', NOW() - INTERVAL '7 hours 45 minutes'),
  (9, 4, 'investigating', 'We are investigating an outage affecting inbound webhook requests.', NOW() - INTERVAL '36 minutes', NOW() - INTERVAL '36 minutes'),
  (10, 4, 'identified', 'We identified a failed deployment on the webhook receiver fleet and are rolling back.', NOW() - INTERVAL '14 minutes', NOW() - INTERVAL '14 minutes'),
  (11, 4, 'investigating', 'Rollback is in progress. Some requests may still fail during instance replacement.', NOW() - INTERVAL '3 minutes', NOW() - INTERVAL '3 minutes'),
  (12, 5, 'identified', 'Scheduled maintenance has started for the Developer Console database upgrade.', NOW() - INTERVAL '20 minutes', NOW() - INTERVAL '20 minutes'),
  (13, 6, 'identified', 'Outbound webhook deliveries are delayed due to queue buildup.', NOW() - INTERVAL '3 hours 10 minutes', NOW() - INTERVAL '3 hours 10 minutes'),
  (14, 6, 'monitoring', 'Queue depth is decreasing and delivery latency is improving.', NOW() - INTERVAL '9 minutes', NOW() - INTERVAL '9 minutes');

INSERT INTO maintenances (id, status_page_id, title, description, status, impact, scheduled_start, scheduled_end, started_at, completed_at, created_at, updated_at) VALUES
  (1, 2, 'Developer Console database upgrade', 'Scheduled maintenance to improve reporting query performance in the Developer Console.', 'in_progress', 'maintenance', NOW() - INTERVAL '30 minutes', NOW() + INTERVAL '1 hour 30 minutes', NOW() - INTERVAL '20 minutes', NULL, NOW() - INTERVAL '2 days', NOW() - INTERVAL '5 minutes'),
  (2, 1, 'Planned auth infrastructure maintenance', 'Routine maintenance on authentication infrastructure with no expected API downtime.', 'scheduled', 'maintenance', NOW() + INTERVAL '1 day 2 hours', NOW() + INTERVAL '1 day 4 hours', NULL, NULL, NOW() - INTERVAL '3 days', NOW()),
  (3, 1, 'Completed background worker patching', 'We completed security patching on background worker nodes.', 'completed', 'maintenance', NOW() - INTERVAL '2 days 4 hours', NOW() - INTERVAL '2 days 2 hours', NOW() - INTERVAL '2 days 4 hours', NOW() - INTERVAL '2 days 2 hours 10 minutes', NOW() - INTERVAL '5 days', NOW() - INTERVAL '2 days 2 hours 10 minutes');

INSERT INTO maintenance_components (maintenance_id, component_id) VALUES
  (1, 11),
  (2, 4),
  (3, 7);

INSERT INTO maintenance_updates (id, maintenance_id, status, body, published_at, created_at) VALUES
  (1, 1, 'scheduled', 'Maintenance was scheduled and customers were notified in advance.', NOW() - INTERVAL '1 day', NOW() - INTERVAL '1 day'),
  (2, 1, 'in_progress', 'Maintenance is now in progress. The Developer Console may be intermittently unavailable.', NOW() - INTERVAL '20 minutes', NOW() - INTERVAL '20 minutes'),
  (3, 2, 'scheduled', 'Authentication infrastructure maintenance is scheduled for tomorrow.', NOW() - INTERVAL '3 days', NOW() - INTERVAL '3 days'),
  (4, 3, 'scheduled', 'Security patching was scheduled for background worker nodes.', NOW() - INTERVAL '5 days', NOW() - INTERVAL '5 days'),
  (5, 3, 'in_progress', 'Worker patching began as scheduled.', NOW() - INTERVAL '2 days 4 hours', NOW() - INTERVAL '2 days 4 hours'),
  (6, 3, 'verifying', 'Post-maintenance verification checks completed successfully.', NOW() - INTERVAL '2 days 2 hours 25 minutes', NOW() - INTERVAL '2 days 2 hours 25 minutes'),
  (7, 3, 'completed', 'Maintenance completed successfully with no residual impact.', NOW() - INTERVAL '2 days 2 hours 10 minutes', NOW() - INTERVAL '2 days 2 hours 10 minutes');
