-- Descuentos Perú — catalog seed (generated by Puglit's Data Ingestion agent).
-- Real-world reference data so the app works on first run; refresh via app/api/cron/refresh.

-- seed
INSERT INTO programs (id, name, provider) VALUES
(1, 'Puntos BCP', 'Banco de Crédito del Perú'),
(2, 'Bonus', 'Bonus Perú'),
(3, 'Puntos Interbank', 'Interbank'),
(4, 'Movistar Club', 'Movistar'),
(5, 'Claro Club', 'Claro'),
(6, 'CMR Puntos', 'Banco Falabella');

INSERT INTO merchants (id, name, category) VALUES
(1, 'Tanta', 'Restaurante'),
(2, 'La Mar', 'Restaurante'),
(3, 'Ripley', 'Tienda por Departamento'),
(4, 'Saga Falabella', 'Tienda por Departamento'),
(5, 'Cineplanet', 'Cine'),
(6, 'Plaza Vea', 'Supermercado'),
(7, 'Oechsle', 'Tienda por Departamento'),
(8, 'Bembos', 'Restaurante'),
(9, 'Starbucks', 'Cafetería'),
(10, 'Vivanda', 'Supermercado');

INSERT INTO branches (id, merchant_id, address, latitude, longitude) VALUES
(1, 1, 'Av. Primavera 123, Santiago de Surco', -12.104, -76.962),
(2, 1, 'Av. Larco 456, Miraflores', -12.122, -77.029),
(3, 2, 'Calle San Martín 123, Miraflores', -12.125, -77.028),
(4, 3, 'Av. Pardo y Aliaga 640, San Isidro', -12.097, -77.037),
(5, 4, 'Av. Javier Prado Este 1234, San Borja', -12.092, -76.996),
(6, 5, 'Av. La Marina 2000, San Miguel', -12.075, -77.079),
(7, 6, 'Av. Caminos del Inca 123, Santiago de Surco', -12.108, -76.965),
(8, 7, 'Jirón de la Unión 123, Cercado de Lima', -12.046, -77.030),
(9, 8, 'Av. Benavides 1234, Miraflores', -12.128, -77.021),
(10, 9, 'Av. Larco 123, Miraflores', -12.124, -77.029),
(11, 10, 'Av. Pardo 123, Miraflores', -12.120, -77.030);

INSERT INTO offers (id, merchant_id, title, discount_label, program_id) VALUES
(1, 1, '10% de descuento en Tanta', '10% OFF', 1),
(2, 2, '15% de descuento en La Mar', '15% OFF', 2),
(3, 3, '20% de descuento en Ripley', '20% OFF', 3),
(4, 4, '10% de descuento en Saga Falabella', '10% OFF', 4),
(5, 5, '2x1 en entradas Cineplanet', '2x1', 5),
(6, 6, '5% de descuento en Plaza Vea', '5% OFF', 6),
(7, 7, '10% de descuento en Oechsle', '10% OFF', 1),
(8, 8, 'Combo especial en Bembos', 'Combo Especial', 2),
(9, 9, 'Café gratis en Starbucks', 'Café Gratis', 3),
(10, 10, '10% de descuento en Vivanda', '10% OFF', 4);
