-- Descuentos Perú — catalog seed (generated by Puglit's Data Ingestion agent).
-- Real-world reference data so the app works on first run; refresh via app/api/cron/refresh.

-- seed
INSERT INTO programs (id, name, provider) VALUES
(1, 'Puntos BCP', 'Banco de Crédito del Perú'),
(2, 'Interbank Benefit', 'Interbank'),
(3, 'Movistar Priority', 'Movistar'),
(4, 'Claro Club', 'Claro'),
(5, 'CMR Puntos', 'Banco Falabella'),
(6, 'Bonus', 'Bonus Perú');

INSERT INTO merchants (id, name, category) VALUES
(1, 'La Lucha Sanguchería', 'Restaurante'),
(2, 'Tanta', 'Restaurante'),
(3, 'Ripley', 'Tienda por departamento'),
(4, 'Saga Falabella', 'Tienda por departamento'),
(5, 'Cineplanet', 'Cine'),
(6, 'Plaza Vea', 'Supermercado'),
(7, 'Metro', 'Supermercado'),
(8, 'Oechsle', 'Tienda por departamento'),
(9, 'Chili''s', 'Restaurante'),
(10, 'Starbucks', 'Cafetería'),
(11, 'KFC', 'Restaurante'),
(12, 'Burger King', 'Restaurante');

INSERT INTO branches (id, merchant_id, address, latitude, longitude) VALUES
(1, 1, 'Av. Larco 1234, Miraflores, Lima', -12.1191, -77.0305),
(2, 1, 'Calle Schell 350, Miraflores, Lima', -12.1210, -77.0295),
(3, 2, 'Av. Javier Prado Este 4200, San Borja, Lima', -12.0931, -77.0007),
(4, 2, 'Av. La Marina 2000, San Miguel, Lima', -12.0763, -77.0862),
(5, 3, 'Av. Angamos Este 1800, Surquillo, Lima', -12.1079, -77.0164),
(6, 4, 'Av. Arequipa 2500, Lince, Lima', -12.0847, -77.0337),
(7, 5, 'Av. Salaverry 3100, Jesús María, Lima', -12.0874, -77.0497),
(8, 6, 'Av. Brasil 2500, Pueblo Libre, Lima', -12.0855, -77.0611),
(9, 7, 'Av. Universitaria 500, San Miguel, Lima', -12.0727, -77.0800),
(10, 8, 'Jirón de la Unión 500, Cercado de Lima', -12.0453, -77.0315),
(11, 9, 'Av. Benavides 1234, Miraflores, Lima', -12.1246, -77.0282),
(12, 10, 'Av. Pardo y Aliaga 640, San Isidro, Lima', -12.0971, -77.0368),
(13, 11, 'Av. Larco 800, Miraflores, Lima', -12.1224, -77.0275),
(14, 12, 'Av. Caminos del Inca 1234, Surco, Lima', -12.1256, -76.9818);

INSERT INTO offers (id, merchant_id, title, discount_label, program_id) VALUES
(1, 1, '10% de descuento en todos los sándwiches', '10% OFF', 1),
(2, 2, '15% de descuento en almuerzos', '15% OFF', 2),
(3, 3, '20% de descuento en ropa', '20% OFF', 3),
(4, 4, '10% de descuento en electrodomésticos', '10% OFF', 4),
(5, 5, '2x1 en entradas de cine', '2x1', 5),
(6, 6, 'Descuento del 5% en compras mayores a S/100', '5% OFF', 6),
(7, 7, '10% de descuento en productos seleccionados', '10% OFF', 1),
(8, 8, '15% de descuento en la primera compra', '15% OFF', 2),
(9, 9, '20% de descuento en platos principales', '20% OFF', 3),
(10, 10, '10% de descuento en bebidas', '10% OFF', 4),
(11, 11, 'Combo especial al 50% de descuento', '50% OFF', 5),
(12, 12, '15% de descuento en combos', '15% OFF', 6);
