-- Descuentos Perú — catalog seed (generated by Puglit's Data Ingestion agent).
-- Real-world reference data so the app works on first run; refresh via app/api/cron/refresh.

-- seed
INSERT INTO programs (id, name, provider, category) VALUES
  (1, 'Puntos BCP', 'Banco de Crédito del Perú', 'Banca'),
  (2, 'Interbank Benefit', 'Interbank', 'Banca'),
  (3, 'Movistar Priority', 'Movistar', 'Telecomunicaciones'),
  (4, 'Claro Club', 'Claro', 'Telecomunicaciones'),
  (5, 'CMR Puntos', 'Banco Falabella', 'Retail'),
  (6, 'Bonus', 'Bonus Perú', 'Multi-categoría');

INSERT INTO merchants (id, name, category) VALUES
  (1, 'Tanta', 'Restaurante'),
  (2, 'La Mar', 'Restaurante'),
  (3, 'Vivanda', 'Supermercado'),
  (4, 'Saga Falabella', 'Retail'),
  (5, 'Ripley', 'Retail'),
  (6, 'Plaza Vea', 'Supermercado'),
  (7, 'Bembos', 'Restaurante'),
  (8, 'Cineplanet', 'Entretenimiento'),
  (9, 'Oechsle', 'Retail'),
  (10, 'Starbucks', 'Cafetería'),
  (11, 'KFC', 'Restaurante'),
  (12, 'Chili''s', 'Restaurante');

INSERT INTO branches (id, merchant_id, address, latitude, longitude) VALUES
  (1, 1, 'Av. Javier Prado Este 4200, San Borja, Lima', -12.0850, -76.9770),
  (2, 1, 'Av. Primavera 1234, Surco, Lima', -12.1060, -76.9650),
  (3, 2, 'Av. La Mar 770, Miraflores, Lima', -12.1200, -77.0300),
  (4, 3, 'Av. Pardo y Aliaga 640, San Isidro, Lima', -12.0970, -77.0360),
  (5, 4, 'Av. Angamos Este 1800, Surquillo, Lima', -12.1130, -77.0050),
  (6, 5, 'Av. Salaverry 2370, Jesús María, Lima', -12.0900, -77.0490),
  (7, 6, 'Av. Benavides 2500, Miraflores, Lima', -12.1260, -77.0180),
  (8, 7, 'Av. Larco 812, Miraflores, Lima', -12.1250, -77.0280),
  (9, 8, 'Av. Arequipa 1500, Lince, Lima', -12.0710, -77.0330),
  (10, 9, 'Jr. de la Unión 500, Cercado de Lima, Lima', -12.0460, -77.0420),
  (11, 10, 'Av. Pardo 610, Miraflores, Lima', -12.1170, -77.0290),
  (12, 11, 'Av. La Marina 2500, San Miguel, Lima', -12.0720, -77.0800),
  (13, 12, 'Av. Javier Prado Este 1234, San Borja, Lima', -12.0860, -76.9775);

INSERT INTO offers (id, merchant_id, title, discount_label, program_id) VALUES
  (1, 1, 'Descuento en almuerzos', '15% de descuento', 1),
  (2, 2, 'Cena con descuento', '10% de descuento', 2),
  (3, 3, 'Ahorro en compras', '5% de descuento', 3),
  (4, 4, 'Ofertas exclusivas', '20% de descuento', 4),
  (5, 5, 'Descuentos en moda', '15% de descuento', 5),
  (6, 6, 'Ahorro en supermercado', '10% de descuento', 6),
  (7, 7, 'Promoción en combos', '2x1 en combos', 1),
  (8, 8, 'Entradas a mitad de precio', '50% de descuento', 2),
  (9, 9, 'Descuentos en tecnología', '10% de descuento', 3),
  (10, 10, 'Café con descuento', '20% de descuento', 4),
  (11, 11, 'Promoción en menú', '15% de descuento', 5),
  (12, 12, 'Descuento en platos principales', '10% de descuento', 6);
