-- StatusPe — catalog seed (generated by Puglit's Data Ingestion agent).
-- Fictional demo data so the app works on first run; refresh via app/api/cron/refresh.

-- seed
INSERT INTO status_pages (id, name, slug, logo_url, main_site_url, custom_domain, timezone, is_public, subscribe_email_enabled, subscribe_webhook_enabled, subscribe_rss_enabled, footer_text, created_at, updated_at) VALUES
  (1, 'Acme Cloud Status', 'acme-cloud', '/placeholder.svg', 'https://www.acmecloud.com', 'status.acmecloud.com', 'America/Lima', TRUE, TRUE, TRUE, TRUE, 'Demo data — not affiliated with any real company', NOW() - INTERVAL '180 days', NOW()),
  (2, 'Demo Payments Perú Status', 'demo-payments-peru', '/placeholder.svg', 'https://demo-payments.example', 'status.demo-payments.example', 'America/Lima', TRUE, TRUE, TRUE, TRUE, 'Demo data — not affiliated with any real company', NOW() - INTERVAL '120 days', NOW()),
  (3, 'FitLife API Status', 'fitlife-api', '/placeholder.svg', 'https://fitlife.example.com', NULL, 'America/Lima', TRUE, TRUE, TRUE, TRUE, 'Demo data — not affiliated with any real company', NOW() - INTERVAL '60 days', NOW());

INSERT INTO component_groups (id, status_page_id, name, description, position, is_collapsed, created_at) VALUES
  (1, 1, 'Core Platform', 'Servicios principales de la plataforma de Acme Cloud', 1, FALSE, NOW() - INTERVAL '180 days'),
  (2, 1, 'Developer Services', 'APIs y herramientas para integraciones', 2, FALSE, NOW() - INTERVAL '180 days'),
  (3, 1, 'Data & Messaging', 'Procesamiento de datos y mensajería', 3, FALSE, NOW() - INTERVAL '180 days'),
  (4, 2, 'Payments', 'Procesamiento y autorizaciones de pago', 1, FALSE, NOW() - INTERVAL '120 days'),
  (5, 2, 'Checkout & APIs', 'Checkout, APIs públicas y notificaciones', 2, FALSE, NOW() - INTERVAL '120 days'),
  (6, 3, 'Public APIs', 'Endpoints públicos para apps y partners', 1, FALSE, NOW() - INTERVAL '60 days'),
  (7, 3, 'Member Experience', 'Servicios para clientes y backoffice', 2, FALSE, NOW() - INTERVAL '60 days');

INSERT INTO components (id, status_page_id, group_id, name, description, position, current_status, is_public, created_at, updated_at) VALUES
  (1, 1, 1, 'Website', 'Sitio web principal y dashboard', 1, 'operational', TRUE, NOW() - INTERVAL '180 days', NOW()),
  (2, 1, 1, 'Authentication', 'Login, sesiones y emisión de tokens', 2, 'operational', TRUE, NOW() - INTERVAL '180 days', NOW()),
  (3, 1, 2, 'Public API', 'API pública para integraciones HTTPS', 3, 'degraded', TRUE, NOW() - INTERVAL '180 days', NOW()),
  (4, 1, 2, 'Webhook Delivery', 'Entrega de eventos salientes a clientes', 4, 'operational', TRUE, NOW() - INTERVAL '180 days', NOW()),
  (5, 1, 3, 'Background Jobs', 'Procesamiento asíncrono y colas', 5, 'maintenance', TRUE, NOW() - INTERVAL '180 days', NOW()),
  (6, 1, 3, 'File Storage', 'Carga y descarga de archivos', 6, 'operational', TRUE, NOW() - INTERVAL '180 days', NOW()),
  (7, 2, 4, 'Payment Processing', 'Autorización y captura de pagos', 1, 'operational', TRUE, NOW() - INTERVAL '120 days', NOW()),
  (8, 2, 4, 'Card Vault', 'Tokenización y almacenamiento seguro de tarjetas', 2, 'operational', TRUE, NOW() - INTERVAL '120 days', NOW()),
  (9, 2, 5, 'Checkout', 'Checkout web y móvil', 3, 'degraded', TRUE, NOW() - INTERVAL '120 days', NOW()),
  (10, 2, 5, 'Developer API', 'API REST para comercios y partners', 4, 'operational', TRUE, NOW() - INTERVAL '120 days', NOW()),
  (11, 2, 5, 'Webhooks', 'Notificaciones de eventos a comercios', 5, 'operational', TRUE, NOW() - INTERVAL '120 days', NOW()),
  (12, 3, 6, 'Public API', 'API principal de miembros y clases', 1, 'operational', TRUE, NOW() - INTERVAL '60 days', NOW()),
  (13, 3, 6, 'Auth API', 'Autenticación de usuarios y refresh tokens', 2, 'outage', TRUE, NOW() - INTERVAL '60 days', NOW()),
  (14, 3, 7, 'Member Portal', 'Portal web para clientes', 3, 'degraded', TRUE, NOW() - INTERVAL '60 days', NOW()),
  (15, 3, 7, 'Notifications', 'Push y correo transaccional', 4, 'operational', TRUE, NOW() - INTERVAL '60 days', NOW());

INSERT INTO endpoints (id, status_page_id, component_id, name, url, method, expected_status_min, expected_status_max, check_interval_minutes, timeout_ms, region, is_active, current_status, last_checked_at, last_response_time_ms, last_status_code, consecutive_failures, consecutive_successes, created_at, updated_at) VALUES
  (1, 1, 1, 'Homepage HTTPS', 'https://www.acmecloud.com/', 'GET', 200, 399, 1, 8000, 'global', TRUE, 'operational', NOW() - INTERVAL '1 minute', 182, 200, 0, 18, NOW() - INTERVAL '180 days', NOW()),
  (2, 1, 2, 'Auth Health', 'https://auth.acmecloud.com/health', 'GET', 200, 299, 1, 5000, 'global', TRUE, 'operational', NOW() - INTERVAL '1 minute', 96, 200, 0, 24, NOW() - INTERVAL '180 days', NOW()),
  (3, 1, 3, 'Public API v1', 'https://api.acmecloud.com/v1/health', 'GET', 200, 299, 1, 7000, 'global', TRUE, 'degraded', NOW() - INTERVAL '30 seconds', 1840, 200, 1, 1, NOW() - INTERVAL '180 days', NOW()),
  (4, 1, 4, 'Webhook Dispatcher', 'https://hooks.acmecloud.com/health', 'HEAD', 200, 399, 5, 5000, 'global', TRUE, 'operational', NOW() - INTERVAL '2 minutes', 121, 204, 0, 16, NOW() - INTERVAL '180 days', NOW()),
  (5, 1, 5, 'Jobs Queue API', 'https://jobs.acmecloud.com/health', 'GET', 200, 299, 5, 10000, 'global', TRUE, 'paused', NOW() - INTERVAL '8 minutes', NULL, NULL, 0, 0, NOW() - INTERVAL '180 days', NOW()),
  (6, 1, 6, 'Storage CDN Probe', 'https://storage.acmecloud.com/health', 'HEAD', 200, 399, 5, 6000, 'global', TRUE, 'operational', NOW() - INTERVAL '3 minutes', 143, 200, 0, 12, NOW() - INTERVAL '180 days', NOW()),
  (7, 2, 7, 'Payments API', 'https://api.demo-payments.example/v1/payments', 'GET', 200, 401, 1, 8000, 'global', TRUE, 'operational', NOW() - INTERVAL '45 seconds', 228, 200, 0, 20, NOW() - INTERVAL '120 days', NOW()),
  (8, 2, 8, 'Card Tokenization', 'https://api.demo-payments.example/v1/card_tokens', 'POST', 200, 499, 1, 8000, 'global', TRUE, 'operational', NOW() - INTERVAL '50 seconds', 312, 201, 0, 14, NOW() - INTERVAL '120 days', NOW()),
  (9, 2, 9, 'Checkout Frontend', 'https://checkout.demo-payments.example/v1/redirect', 'GET', 200, 399, 1, 9000, 'global', TRUE, 'degraded', NOW() - INTERVAL '20 seconds', 2560, 502, 2, 0, NOW() - INTERVAL '120 days', NOW()),
  (10, 2, 10, 'Developers API Status', 'https://api.demo-payments.example/sites/DPE', 'GET', 200, 399, 5, 7000, 'global', TRUE, 'operational', NOW() - INTERVAL '2 minutes', 264, 200, 0, 11, NOW() - INTERVAL '120 days', NOW()),
  (11, 2, 11, 'Webhook Receiver Test', 'https://api.demo-payments.example/v1/notifications', 'HEAD', 200, 499, 5, 7000, 'global', TRUE, 'operational', NOW() - INTERVAL '4 minutes', 178, 404, 0, 9, NOW() - INTERVAL '120 days', NOW()),
  (12, 3, 12, 'Public API Health', 'https://api.fitlife.example.com/health', 'GET', 200, 299, 1, 5000, 'global', TRUE, 'operational', NOW() - INTERVAL '1 minute', 134, 200, 0, 26, NOW() - INTERVAL '60 days', NOW()),
  (13, 3, 13, 'Auth API Health', 'https://auth.fitlife.example.com/health', 'GET', 200, 299, 1, 5000, 'global', TRUE, 'outage', NOW() - INTERVAL '15 seconds', NULL, NULL, 4, 0, NOW() - INTERVAL '60 days', NOW()),
  (14, 3, 14, 'Member Portal Web', 'https://app.fitlife.example.com/', 'GET', 200, 399, 1, 7000, 'global', TRUE, 'degraded', NOW() - INTERVAL '40 seconds', 3210, 200, 1, 1, NOW() - INTERVAL '60 days', NOW()),
  (15, 3, 15, 'Notifications API', 'https://notify.fitlife.example.com/health', 'GET', 200, 299, 5, 6000, 'global', TRUE, 'operational', NOW() - INTERVAL '3 minutes', 188, 200, 0, 13, NOW() - INTERVAL '60 days', NOW());

INSERT INTO status_checks (id, endpoint_id, checked_at, status, response_time_ms, status_code, error_message, region) VALUES
  (1, 1, NOW() - INTERVAL '5 hours', 'operational', 205, 200, NULL, 'global'),
  (2, 1, NOW() - INTERVAL '2 hours', 'operational', 190, 200, NULL, 'global'),
  (3, 1, NOW() - INTERVAL '30 minutes', 'operational', 186, 200, NULL, 'global'),
  (4, 1, NOW() - INTERVAL '1 minute', 'operational', 182, 200, NULL, 'global'),
  (5, 2, NOW() - INTERVAL '6 hours', 'operational', 101, 200, NULL, 'global'),
  (6, 2, NOW() - INTERVAL '90 minutes', 'operational', 99, 200, NULL, 'global'),
  (7, 2, NOW() - INTERVAL '10 minutes', 'operational', 97, 200, NULL, 'global'),
  (8, 2, NOW() - INTERVAL '1 minute', 'operational', 96, 200, NULL, 'global'),
  (9, 3, NOW() - INTERVAL '3 hours', 'operational', 420, 200, NULL, 'global'),
  (10, 3, NOW() - INTERVAL '1 hour', 'degraded', 1650, 200, 'Elevated latency on upstream database queries', 'global'),
  (11, 3, NOW() - INTERVAL '10 minutes', 'degraded', 1910, 200, 'Response time above internal threshold', 'global'),
  (12, 3, NOW() - INTERVAL '30 seconds', 'degraded', 1840, 200, 'Response time above internal threshold', 'global'),
  (13, 4, NOW() - INTERVAL '4 hours', 'operational', 133, 204, NULL, 'global'),
  (14, 4, NOW() - INTERVAL '1 hour', 'operational', 128, 204, NULL, 'global'),
  (15, 4, NOW() - INTERVAL '2 minutes', 'operational', 121, 204, NULL, 'global'),
  (16, 5, NOW() - INTERVAL '1 day', 'paused', NULL, NULL, 'Checks paused during scheduled maintenance window', 'global'),
  (17, 5, NOW() - INTERVAL '8 minutes', 'paused', NULL, NULL, 'Checks paused during scheduled maintenance window', 'global'),
  (18, 6, NOW() - INTERVAL '6 hours', 'operational', 151, 200, NULL, 'global'),
  (19, 6, NOW() - INTERVAL '1 hour', 'operational', 147, 200, NULL, 'global'),
  (20, 6, NOW() - INTERVAL '3 minutes', 'operational', 143, 200, NULL, 'global'),
  (21, 7, NOW() - INTERVAL '5 hours', 'operational', 244, 200, NULL, 'global'),
  (22, 7, NOW() - INTERVAL '40 minutes', 'operational', 232, 200, NULL, 'global'),
  (23, 7, NOW() - INTERVAL '45 seconds', 'operational', 228, 200, NULL, 'global'),
  (24, 8, NOW() - INTERVAL '3 hours', 'operational', 336, 201, NULL, 'global'),
  (25, 8, NOW() - INTERVAL '20 minutes', 'operational', 319, 201, NULL, 'global'),
  (26, 8, NOW() - INTERVAL '50 seconds', 'operational', 312, 201, NULL, 'global'),
  (27, 9, NOW() - INTERVAL '2 hours', 'operational', 420, 302, NULL, 'global'),
  (28, 9, NOW() - INTERVAL '15 minutes', 'degraded', 2100, 502, 'Bad gateway returned by upstream checkout cluster', 'global'),
  (29, 9, NOW() - INTERVAL '2 minutes', 'outage', 4010, 502, 'Repeated 502 responses from checkout frontend', 'global'),
  (30, 9, NOW() - INTERVAL '20 seconds', 'degraded', 2560, 502, 'Partial recovery with elevated latency still present', 'global'),
  (31, 10, NOW() - INTERVAL '6 hours', 'operational', 281, 200, NULL, 'global'),
  (32, 10, NOW() - INTERVAL '2 minutes', 'operational', 264, 200, NULL, 'global'),
  (33, 11, NOW() - INTERVAL '5 hours', 'operational', 201, 404, NULL, 'global'),
  (34, 11, NOW() - INTERVAL '4 minutes', 'operational', 178, 404, NULL, 'global'),
  (35, 12, NOW() - INTERVAL '8 hours', 'operational', 149, 200, NULL, 'global'),
  (36, 12, NOW() - INTERVAL '25 minutes', 'operational', 139, 200, NULL, 'global'),
  (37, 12, NOW() - INTERVAL '1 minute', 'operational', 134, 200, NULL, 'global'),
  (38, 13, NOW() - INTERVAL '35 minutes', 'degraded', 4980, NULL, 'TLS handshake timeout', 'global'),
  (39, 13, NOW() - INTERVAL '10 minutes', 'outage', NULL, NULL, 'Connection failed after timeout', 'global'),
  (40, 13, NOW() - INTERVAL '2 minutes', 'outage', NULL, NULL, 'DNS lookup failed for auth host', 'global'),
  (41, 13, NOW() - INTERVAL '15 seconds', 'outage', NULL, NULL, 'DNS lookup failed for auth host', 'global'),
  (42, 14, NOW() - INTERVAL '3 hours', 'operational', 410, 200, NULL, 'global'),
  (43, 14, NOW() - INTERVAL '30 minutes', 'degraded', 2890, 200, 'Page load latency elevated due to auth dependency', 'global'),
  (44, 14, NOW() - INTERVAL '40 seconds', 'degraded', 3210, 200, 'Page load latency elevated due to auth dependency', 'global'),
  (45, 15, NOW() - INTERVAL '7 hours', 'operational', 202, 200, NULL, 'global'),
  (46, 15, NOW() - INTERVAL '3 minutes', 'operational', 188, 200, NULL, 'global');

INSERT INTO uptime_daily (id, endpoint_id, day, uptime_percentage, total_checks, operational_checks, degraded_checks, outage_checks, worst_status, created_at, updated_at) VALUES
  (1, 1, CURRENT_DATE - INTERVAL '2 days', 99.98, 1440, 1440, 0, 0, 'operational', NOW(), NOW()),
  (2, 1, CURRENT_DATE - INTERVAL '1 day', 100.00, 1440, 1440, 0, 0, 'operational', NOW(), NOW()),
  (3, 1, CURRENT_DATE, 100.00, 720, 720, 0, 0, 'operational', NOW(), NOW()),
  (4, 2, CURRENT_DATE - INTERVAL '2 days', 100.00, 1440, 1440, 0, 0, 'operational', NOW(), NOW()),
  (5, 2, CURRENT_DATE - INTERVAL '1 day', 99.93, 1440, 1439, 1, 0, 'degraded', NOW(), NOW()),
  (6, 2, CURRENT_DATE, 100.00, 720, 720, 0, 0, 'operational', NOW(), NOW()),
  (7, 3, CURRENT_DATE - INTERVAL '2 days', 99.65, 1440, 1432, 8, 0, 'degraded', NOW(), NOW()),
  (8, 3, CURRENT_DATE - INTERVAL '1 day', 98.90, 1440, 1408, 32, 0, 'degraded', NOW(), NOW()),
  (9, 3, CURRENT_DATE, 96.40, 720, 680, 40, 0, 'degraded', NOW(), NOW()),
  (10, 4, CURRENT_DATE - INTERVAL '1 day', 100.00, 288, 288, 0, 0, 'operational', NOW(), NOW()),
  (11, 4, CURRENT_DATE, 100.00, 144, 144, 0, 0, 'operational', NOW(), NOW()),
  (12, 5, CURRENT_DATE - INTERVAL '1 day', 100.00, 288, 280, 0, 0, 'paused', NOW(), NOW()),
  (13, 5, CURRENT_DATE, 100.00, 144, 120, 0, 0, 'paused', NOW(), NOW()),
  (14, 6, CURRENT_DATE - INTERVAL '1 day', 99.99, 288, 288, 0, 0, 'operational', NOW(), NOW()),
  (15, 6, CURRENT_DATE, 100.00, 144, 144, 0, 0, 'operational', NOW(), NOW()),
  (16, 7, CURRENT_DATE - INTERVAL '1 day', 99.95, 1440, 1438, 2, 0, 'degraded', NOW(), NOW()),
  (17, 7, CURRENT_DATE, 100.00, 720, 720, 0, 0, 'operational', NOW(), NOW()),
  (18, 8, CURRENT_DATE - INTERVAL '1 day', 99.92, 1440, 1436, 4, 0, 'degraded', NOW(), NOW()),
  (19, 8, CURRENT_DATE, 99.86, 720, 719, 1, 0, 'degraded', NOW(), NOW()),
  (20, 9, CURRENT_DATE - INTERVAL '2 days', 99.70, 1440, 1430, 8, 2, 'outage', NOW(), NOW()),
  (21, 9, CURRENT_DATE - INTERVAL '1 day', 98.40, 1440, 1395, 25, 20, 'outage', NOW(), NOW()),
  (22, 9, CURRENT_DATE, 91.25, 720, 640, 48, 32, 'outage', NOW(), NOW()),
  (23, 10, CURRENT_DATE - INTERVAL '1 day', 100.00, 288, 288, 0, 0, 'operational', NOW(), NOW()),
  (24, 10, CURRENT_DATE, 100.00, 144, 144, 0, 0, 'operational', NOW(), NOW()),
  (25, 11, CURRENT_DATE - INTERVAL '1 day', 100.00, 288, 288, 0, 0, 'operational', NOW(), NOW()),
  (26, 11, CURRENT_DATE, 100.00, 144, 144, 0, 0, 'operational', NOW(), NOW()),
  (27, 12, CURRENT_DATE - INTERVAL '1 day', 100.00, 1440, 1440, 0, 0, 'operational', NOW(), NOW()),
  (28, 12, CURRENT_DATE, 100.00, 720, 720, 0, 0, 'operational', NOW(), NOW()),
  (29, 13, CURRENT_DATE - INTERVAL '2 days', 99.20, 1440, 1420, 10, 10, 'outage', NOW(), NOW()),
  (30, 13, CURRENT_DATE - INTERVAL '1 day', 97.10, 1440, 1386, 18, 36, 'outage', NOW(), NOW()),
  (31, 13, CURRENT_DATE, 82.50, 720, 594, 36, 90, 'outage', NOW(), NOW()),
  (32, 14, CURRENT_DATE - INTERVAL '1 day', 98.85, 1440, 1400, 40, 0, 'degraded', NOW(), NOW()),
  (33, 14, CURRENT_DATE, 94.60, 720, 676, 44, 0, 'degraded', NOW(), NOW()),
  (34, 15, CURRENT_DATE - INTERVAL '1 day', 99.99, 288, 288, 0, 0, 'operational', NOW(), NOW()),
  (35, 15, CURRENT_DATE, 100.00, 144, 144, 0, 0, 'operational', NOW(), NOW());

INSERT INTO incidents (id, status_page_id, endpoint_id, title, description, status, impact, started_at, resolved_at, created_at, updated_at) VALUES
  (1, 1, 3, 'Elevated latency in Public API', 'We are investigating elevated response times affecting a subset of API requests.', 'investigating', 'minor', NOW() - INTERVAL '70 minutes', NULL, NOW() - INTERVAL '70 minutes', NOW() - INTERVAL '15 minutes'),
  (2, 2, 9, 'Checkout errors affecting some payments', 'Some customers may see intermittent 502 errors during checkout redirects.', 'identified', 'major', NOW() - INTERVAL '25 minutes', NULL, NOW() - INTERVAL '25 minutes', NOW() - INTERVAL '5 minutes'),
  (3, 3, 13, 'Auth API unavailable', 'Authentication requests are failing due to DNS and connection errors on the auth service.', 'monitoring', 'critical', NOW() - INTERVAL '40 minutes', NULL, NOW() - INTERVAL '40 minutes', NOW() - INTERVAL '2 minutes'),
  (4, 1, 4, 'Webhook delivery delays', 'Outbound webhook deliveries were delayed after a queue backlog increase.', 'resolved', 'minor', NOW() - INTERVAL '1 day 6 hours', NOW() - INTERVAL '1 day 4 hours', NOW() - INTERVAL '1 day 6 hours', NOW() - INTERVAL '1 day 4 hours'),
  (5, 2, NULL, 'Planned database maintenance completed', 'Scheduled database maintenance completed successfully with minimal impact.', 'resolved', 'none', NOW() - INTERVAL '3 days', NOW() - INTERVAL '3 days' + INTERVAL '90 minutes', NOW() - INTERVAL '3 days', NOW() - INTERVAL '3 days' + INTERVAL '90 minutes');

INSERT INTO incident_updates (id, incident_id, status, message, author_label, published_at, created_at) VALUES
  (1, 1, 'investigating', 'We are investigating elevated latency on the Public API. Initial symptoms began impacting a portion of requests.', 'StatusPe', NOW() - INTERVAL '70 minutes', NOW() - INTERVAL '70 minutes'),
  (2, 1, 'identified', 'We identified slow queries on a shared database cluster and are applying mitigations.', 'StatusPe', NOW() - INTERVAL '25 minutes', NOW() - INTERVAL '25 minutes'),
  (3, 2, 'investigating', 'We are investigating intermittent checkout failures affecting redirect flows for some users in Peru.', 'StatusPe', NOW() - INTERVAL '25 minutes', NOW() - INTERVAL '25 minutes'),
  (4, 2, 'identified', 'The issue has been identified as an upstream gateway problem. We are routing traffic away from the affected nodes.', 'StatusPe', NOW() - INTERVAL '5 minutes', NOW() - INTERVAL '5 minutes'),
  (5, 3, 'investigating', 'We are investigating an outage impacting the Auth API.', 'StatusPe', NOW() - INTERVAL '40 minutes', NOW() - INTERVAL '40 minutes'),
  (6, 3, 'identified', 'We identified DNS resolution instability in the auth service path and are applying corrective changes.', 'StatusPe', NOW() - INTERVAL '18 minutes', NOW() - INTERVAL '18 minutes'),
  (7, 3, 'monitoring', 'A fix has been deployed and we are monitoring recovery. Some requests may still fail while caches refresh.', 'StatusPe', NOW() - INTERVAL '2 minutes', NOW() - INTERVAL '2 minutes'),
  (8, 4, 'investigating', 'Webhook deliveries are delayed for some customers.', 'StatusPe', NOW() - INTERVAL '1 day 6 hours', NOW() - INTERVAL '1 day 6 hours'),
  (9, 4, 'monitoring', 'Queue backlog has cleared and webhook throughput is returning to normal.', 'StatusPe', NOW() - INTERVAL '1 day 4 hours 30 minutes', NOW() - INTERVAL '1 day 4 hours 30 minutes'),
  (10, 4, 'resolved', 'This incident has been resolved.', 'StatusPe', NOW() - INTERVAL '1 day 4 hours', NOW() - INTERVAL '1 day 4 hours'),
  (11, 5, 'resolved', 'The planned maintenance was completed successfully.', 'StatusPe', NOW() - INTERVAL '3 days' + INTERVAL '90 minutes', NOW() - INTERVAL '3 days' + INTERVAL '90 minutes');

INSERT INTO incident_components (incident_id, component_id, affected_status) VALUES
  (1, 3, 'degraded'),
  (2, 9, 'outage'),
  (3, 13, 'outage'),
  (3, 14, 'degraded'),
  (4, 4, 'degraded');

INSERT INTO scheduled_maintenances (id, status_page_id, title, description, status, impact, scheduled_start_at, scheduled_end_at, started_at, completed_at, created_at, updated_at) VALUES
  (1, 1, 'Background jobs infrastructure upgrade', 'Routine maintenance on worker nodes and queue processing infrastructure.', 'in_progress', 'minor', NOW() - INTERVAL '20 minutes', NOW() + INTERVAL '1 hour 40 minutes', NOW() - INTERVAL '20 minutes', NULL, NOW() - INTERVAL '2 days', NOW()),
  (2, 2, 'Checkout database optimization', 'We will optimize checkout-related database indexes to improve response times.', 'scheduled', 'minor', NOW() + INTERVAL '6 hours', NOW() + INTERVAL '8 hours', NULL, NULL, NOW() - INTERVAL '1 day', NOW()),
  (3, 3, 'Member portal cache cluster patching', 'Rolling patching of cache nodes serving the member portal.', 'completed', 'none', NOW() - INTERVAL '2 days 3 hours', NOW() - INTERVAL '2 days 2 hours', NOW() - INTERVAL '2 days 3 hours', NOW() - INTERVAL '2 days 2 hours 10 minutes', NOW() - INTERVAL '5 days', NOW() - INTERVAL '2 days 2 hours 10 minutes');

INSERT INTO maintenance_updates (id, maintenance_id, status, message, author_label, published_at, created_at) VALUES
  (1, 1, 'scheduled', 'This maintenance has been scheduled. Background jobs may be briefly delayed.', 'StatusPe', NOW() - INTERVAL '2 days', NOW() - INTERVAL '2 days'),
  (2, 1, 'in_progress', 'Maintenance is now in progress. Job processing has been paused while infrastructure changes are applied.', 'StatusPe', NOW() - INTERVAL '20 minutes', NOW() - INTERVAL '20 minutes'),
  (3, 2, 'scheduled', 'This maintenance has been scheduled for later today.', 'StatusPe', NOW() - INTERVAL '1 day', NOW() - INTERVAL '1 day'),
  (4, 3, 'scheduled', 'Cache cluster patching was scheduled.', 'StatusPe', NOW() - INTERVAL '5 days', NOW() - INTERVAL '5 days'),
  (5, 3, 'in_progress', 'Maintenance is now in progress.', 'StatusPe', NOW() - INTERVAL '2 days 3 hours', NOW() - INTERVAL '2 days 3 hours'),
  (6, 3, 'completed', 'Maintenance completed successfully.', 'StatusPe', NOW() - INTERVAL '2 days 2 hours 10 minutes', NOW() - INTERVAL '2 days 2 hours 10 minutes');

INSERT INTO maintenance_components (maintenance_id, component_id, expected_status) VALUES
  (1, 5, 'maintenance'),
  (2, 9, 'degraded'),
  (2, 10, 'operational'),
  (3, 14, 'operational');