-- Descuentos Perú — catalog seed (generated by Puglit's Data Ingestion agent).
-- Real-world reference data so the app works on first run; refresh via app/api/cron/refresh.

-- seed
INSERT INTO programs (id, name, provider, membership_id) VALUES
(1, 'Puntos BCP', 'Banco de Crédito del Perú', 'BCP123'),
(2, 'Interbank Benefit', 'Interbank', 'IBK456'),
(3, 'Movistar Priority', 'Movistar', 'MOV789'),
(4, 'Claro Club', 'Claro', 'CLR012'),
(5, 'CMR Puntos', 'CMR Falabella', 'CMR345'),
(6, 'Bonus', 'Bonus Perú', 'BON678');

INSERT INTO merchants (id, name, category) VALUES
(1, 'Tanta', 'Restaurante'),
(2, 'La Lucha Sanguchería', 'Restaurante'),
(3, 'Ripley', 'Retail'),
(4, 'Saga Falabella', 'Retail'),
(5, 'Cineplanet', 'Entretenimiento'),
(6, 'Plaza Vea', 'Supermercado'),
(7, 'Vivanda', 'Supermercado'),
(8, 'Starbucks', 'Cafetería'),
(9, 'Bembos', 'Restaurante'),
(10, 'Chili''s', 'Restaurante'),
(11, 'Oechsle', 'Retail'),
(12, 'Metro', 'Supermercado');

INSERT INTO branches (id, merchant_id, address, latitude, longitude) VALUES
(1, 1, 'Av. Larco 123, Miraflores, Lima', -12.1211, -77.0293),
(2, 1, 'Calle San Martín 456, Miraflores, Lima', -12.1122, -77.0284),
(3, 2, 'Av. Pardo y Aliaga 789, San Isidro, Lima', -12.0973, -77.0365),
(4, 3, 'Jirón de la Unión 123, Cercado de Lima, Lima', -12.0464, -77.0428),
(5, 4, 'Av. Javier Prado Este 456, San Borja, Lima', -12.0921, -77.0005),
(6, 5, 'Av. La Marina 789, San Miguel, Lima', -12.0754, -77.0811),
(7, 6, 'Av. Angamos Este 123, Surquillo, Lima', -12.1107, -77.0248),
(8, 7, 'Av. Pardo 456, Miraflores, Lima', -12.1219, -77.0301),
(9, 8, 'Calle Schell 789, Miraflores, Lima', -12.1207, -77.0282),
(10, 9, 'Av. Benavides 1234, Miraflores, Lima', -12.1245, -77.0309),
(11, 10, 'Av. Primavera 567, Santiago de Surco, Lima', -12.1103, -77.0075),
(12, 11, 'Av. Salaverry 890, Jesús María, Lima', -12.0864, -77.0456),
(13, 12, 'Av. La Marina 345, San Miguel, Lima', -12.0767, -77.0842);

INSERT INTO offers (id, merchant_id, title, discount_label, program_id) VALUES
(1, 1, '10% de descuento en almuerzos', '10% OFF', 1),
(2, 2, '15% de descuento en combos', '15% OFF', 2),
(3, 3, '20% de descuento en ropa', '20% OFF', 3),
(4, 4, '25% de descuento en electrónica', '25% OFF', 4),
(5, 5, '2x1 en entradas', '2x1', 5),
(6, 6, '5% de descuento en compras mayores a S/ 100', '5% OFF', 6),
(7, 7, '10% de descuento en frutas y verduras', '10% OFF', 1),
(8, 8, 'Café gratis por cada compra', 'Café Gratis', 2),
(9, 9, '20% de descuento en hamburguesas', '20% OFF', 3),
(10, 10, '15% de descuento en platos principales', '15% OFF', 4),
(11, 11, '30% de descuento en calzado', '30% OFF', 5),
(12, 12, '10% de descuento en productos seleccionados', '10% OFF', 6);
