-- Descuentos Perú — catalog seed (generated by Puglit's Data Ingestion agent).
-- Real-world reference data so the app works on first run; refresh via app/api/cron/refresh.

-- seed
INSERT INTO programs (id, name, provider, category) VALUES
(1, 'Puntos BCP', 'Banco de Crédito del Perú', 'Bancos'),
(2, 'Interbank Benefit', 'Interbank', 'Bancos'),
(3, 'Movistar Priority', 'Movistar', 'Telecomunicaciones'),
(4, 'Claro Club', 'Claro', 'Telecomunicaciones'),
(5, 'CMR Puntos', 'Banco Falabella', 'Retail'),
(6, 'Bonus', 'Loyalty Perú', 'Multicategoría');

INSERT INTO merchants (id, name, category) VALUES
(1, 'Tanta', 'Restaurantes'),
(2, 'La Lucha Sanguchería', 'Restaurantes'),
(3, 'Plaza Vea', 'Supermercados'),
(4, 'Saga Falabella', 'Retail'),
(5, 'Ripley', 'Retail'),
(6, 'Cineplanet', 'Entretenimiento'),
(7, 'Starbucks', 'Cafeterías'),
(8, 'Bembos', 'Restaurantes'),
(9, 'Metro', 'Supermercados'),
(10, 'Chili''s', 'Restaurantes'),
(11, 'Vivanda', 'Supermercados'),
(12, 'Oechsle', 'Retail');

INSERT INTO branches (id, merchant_id, address, latitude, longitude) VALUES
(1, 1, 'Av. Larco 1234, Miraflores, Lima', -12.1210, -77.0300),
(2, 1, 'Calle San Martín 456, Barranco, Lima', -12.1425, -77.0200),
(3, 2, 'Av. Benavides 789, Miraflores, Lima', -12.1190, -77.0290),
(4, 2, 'Jr. de la Unión 123, Cercado de Lima, Lima', -12.0464, -77.0428),
(5, 3, 'Av. Angamos Este 1800, Surquillo, Lima', -12.1125, -77.0270),
(6, 4, 'Av. Javier Prado Este 4200, San Borja, Lima', -12.0900, -77.0000),
(7, 5, 'Av. La Marina 2000, San Miguel, Lima', -12.0780, -77.0900),
(8, 6, 'Calle Schell 350, Miraflores, Lima', -12.1225, -77.0280),
(9, 7, 'Av. Pardo y Aliaga 640, San Isidro, Lima', -12.0970, -77.0350),
(10, 8, 'Av. Larco 500, Miraflores, Lima', -12.1200, -77.0305),
(11, 9, 'Av. Brasil 2500, Pueblo Libre, Lima', -12.0860, -77.0700),
(12, 10, 'Av. Primavera 1234, Surco, Lima', -12.1050, -77.0350),
(13, 11, 'Calle Los Conquistadores 999, San Isidro, Lima', -12.1020, -77.0370),
(14, 12, 'Av. Arenales 1234, Lince, Lima', -12.0785, -77.0420);

INSERT INTO offers (id, merchant_id, title, discount_label, program_id) VALUES
(1, 1, '10% de descuento en Tanta', '10% OFF', 1),
(2, 2, '15% de descuento en La Lucha', '15% OFF', 2),
(3, 3, '5% de descuento en Plaza Vea', '5% OFF', 3),
(4, 4, '20% de descuento en Saga Falabella', '20% OFF', 4),
(5, 5, '25% de descuento en Ripley', '25% OFF', 5),
(6, 6, '2x1 en entradas Cineplanet', '2x1', 6),
(7, 7, '10% de descuento en Starbucks', '10% OFF', 1),
(8, 8, 'Combo Bembos a S/ 15', 'Combo S/ 15', 2),
(9, 9, '10% de descuento en Metro', '10% OFF', 3),
(10, 10, '15% de descuento en Chili''s', '15% OFF', 4),
(11, 11, '5% de descuento en Vivanda', '5% OFF', 5),
(12, 12, '20% de descuento en Oechsle', '20% OFF', 6);

