-- Promiedos — catalog seed (generated by Puglit's Data Ingestion agent).
-- Real-world reference data so the app works on first run; refresh via app/api/cron/refresh.

-- seed
INSERT INTO tournaments (id, name, start_date, end_date, current_round, created_at) VALUES
(1, 'Liga Profesional de Fútbol', CURRENT_DATE - INTERVAL '3 months', CURRENT_DATE + INTERVAL '3 months', 10, NOW()),
(2, 'Copa de la Liga Profesional', CURRENT_DATE - INTERVAL '1 month', CURRENT_DATE + INTERVAL '2 months', 5, NOW()),
(3, 'Primera Nacional', CURRENT_DATE - INTERVAL '4 months', CURRENT_DATE + INTERVAL '2 months', 15, NOW());

INSERT INTO matches (id, date_time, team_home, team_away, score_home, score_away, tournament_id, created_at) VALUES
(1, NOW() - INTERVAL '2 hours', 'River Plate', 'Boca Juniors', 2, 1, 1, NOW()),
(2, NOW(), 'Independiente', 'Racing Club', NULL, NULL, 1, NOW()),
(3, NOW() + INTERVAL '3 hours', 'San Lorenzo', 'Vélez Sarsfield', NULL, NULL, 1, NOW()),
(4, CURRENT_DATE - INTERVAL '1 day', 'Newell''s Old Boys', 'Rosario Central', 1, 1, 2, NOW()),
(5, CURRENT_DATE + INTERVAL '1 day', 'Estudiantes', 'Gimnasia', NULL, NULL, 2, NOW()),
(6, NOW() - INTERVAL '1 hour', 'Tigre', 'Platense', 0, 0, 3, NOW()),
(7, NOW() + INTERVAL '4 hours', 'Belgrano', 'Instituto', NULL, NULL, 3, NOW());

INSERT INTO standings (id, tournament_id, team_name, points, matches_played, created_at) VALUES
(1, 1, 'River Plate', 25, 10, NOW()),
(2, 1, 'Boca Juniors', 22, 10, NOW()),
(3, 1, 'Independiente', 18, 10, NOW()),
(4, 1, 'Racing Club', 20, 10, NOW()),
(5, 2, 'San Lorenzo', 15, 5, NOW()),
(6, 2, 'Vélez Sarsfield', 14, 5, NOW()),
(7, 3, 'Tigre', 30, 15, NOW()),
(8, 3, 'Platense', 28, 15, NOW());

INSERT INTO scorers (id, tournament_id, player_name, goals, created_at) VALUES
(1, 1, 'Julián Álvarez', 8, NOW()),
(2, 1, 'Carlos Tevez', 7, NOW()),
(3, 2, 'Lisandro López', 5, NOW()),
(4, 2, 'Darío Benedetto', 6, NOW()),
(5, 3, 'Mauro Zárate', 10, NOW()),
(6, 3, 'Lautaro Martínez', 9, NOW());

